[{"name":"Abdullah Al Amin","email":"abdullahalamin1211@gmail.com","mobile_number":"01673691338","shift":"Day (8AM - 4PM)","address":"4th floor, house-249, road-2, block-F, bashundhara R\\A, Dhaka- 1229","password":"@0123456789","category":"Receptionist","gender":"male","dob":"2000-10-25"},{"name":"Arnab Shaha","email":"arnabshaha@gmail.com","mobile_number":"01771558449","shift":"Night (4PM -12PM)","address":"banani, dhaka","password":"!123456789","category":"Receptionist","gender":"male","dob":"1999-10-09"}]